﻿<?xml version="1.0" encoding="UTF-8"?>
<!--
COPYRIGHT LICENSE:  This information contains sample code provided in source
code form. You may copy, modify, and distribute these sample programs in any
form without payment to IBM for the purposes of developing, using, marketing
or distributing application programs conforming to the application programming
interface for the operating platform for which the sample code is written.
Notwithstanding anything to the contrary,  IBM PROVIDES THE SAMPLE SOURCE CODE
ON AN "AS IS" BASIS AND IBM DISCLAIMS ALL WARRANTIES, EXPRESS OR IMPLIED, 
INCLUDING, BUT NOT LIMITED TO, ANY IMPLIED WARRANTIES OR CONDITIONS OF 
MERCHANTABILITY, SATISFACTORY QUALITY, FITNESS FOR A PARTICULAR PURPOSE, TITLE,
AND ANY WARRANTY OR CONDITION OF NON-INFRINGEMENT.  IBM SHALL NOT BE LIABLE FOR
ANY DIRECT, INDIRECT, INCIDENTAL, SPECIAL OR CONSEQUENTIAL DAMAGES ARISING OUT 
OF THE USE OR OPERATION OF THE SAMPLE SOURCE CODE.  IBM HAS NO OBLIGATION TO 
PROVIDE MAINTENANCE, SUPPORT, UPDATES, ENHANCEMENTS OR MODIFICATIONS TO THE 
SAMPLE SOURCE CODE.
-->
<project name="imported.install.app">

    <property name="conntype" value="none"/>

    <target name="createBLA"
        description="Create a new BLA using the source and BLA name passed in.">
        <echo message="Creating BLA."/>
              
        <wsadmin
            conntype="${conntype}"
            failonerror="true"
            lang="jython"
            script="${imported.basedir}/scripts/createBLA.py">
            <arg value="${blaName}"/>
            <arg value="${source}"/>
        </wsadmin>
       
    </target>

    <target name="installEAR"
        description="Install an ear.">

        <wsadmin
            conntype="${conntype}"
            lang="jython"
            failonerror="true"
            script="${imported.basedir}/scripts/installEAR.py">
            <arg value="${source}"/>
        </wsadmin>
       
    </target>
</project>
