<?xml version="1.0" encoding="UTF-8"?>
<!--
COPYRIGHT LICENSE:  This information contains sample code provided in source
code form. You may copy, modify, and distribute these sample programs in any
form without payment to IBM for the purposes of developing, using, marketing
or distributing application programs conforming to the application programming
interface for the operating platform for which the sample code is written.
Notwithstanding anything to the contrary,  IBM PROVIDES THE SAMPLE SOURCE CODE
ON AN "AS IS" BASIS AND IBM DISCLAIMS ALL WARRANTIES, EXPRESS OR IMPLIED, 
INCLUDING, BUT NOT LIMITED TO, ANY IMPLIED WARRANTIES OR CONDITIONS OF 
MERCHANTABILITY, SATISFACTORY QUALITY, FITNESS FOR A PARTICULAR PURPOSE, TITLE,
AND ANY WARRANTY OR CONDITION OF NON-INFRINGEMENT.  IBM SHALL NOT BE LIABLE FOR
ANY DIRECT, INDIRECT, INCIDENTAL, SPECIAL OR CONSEQUENTIAL DAMAGES ARISING OUT 
OF THE USE OR OPERATION OF THE SAMPLE SOURCE CODE.  IBM HAS NO OBLIGATION TO 
PROVIDE MAINTENANCE, SUPPORT, UPDATES, ENHANCEMENTS OR MODIFICATIONS TO THE 
SAMPLE SOURCE CODE.
-->
<project name="imported.manage.app">


	<macrodef name="manageapp">
		<attribute name="action" />
		<attribute name="variation-number" default="0" />
		<sequential>
			<property name="cntype" value="soap" />

			<!--
				If a username and password are not defined already, we'll set them to empty.
				Ant properties are immutable, though, so won't worry about overwritting it.
			-->
			<property name="username" value="" />
			<property name="password" value="" />
			<!--
				Update the host and port number for SOAP, if your system is not using the defaults defined below.
			-->

			<property name="connhost" value="localhost" />
			<property name="connport" value="8880" />

			<wsadmin
				conntype="${cntype}"
				host="${connhost}"
				port="${connport}"
				lang="jython"
				failonerror="true"
				user="${username}"
				password="${password}"
				script="${basedir}/scripts/build.py">
				<arg value="@{action}" />
				<arg value="${basedir}" />
				<arg value="@{variation-number}" />
			</wsadmin>
		</sequential>
	</macrodef>

</project>
