﻿<?xml version="1.0" encoding="UTF-8"?>
<!--
COPYRIGHT LICENSE:  This information contains sample code provided in source
code form. You may copy, modify, and distribute these sample programs in any
form without payment to IBM for the purposes of developing, using, marketing
or distributing application programs conforming to the application programming
interface for the operating platform for which the sample code is written.
Notwithstanding anything to the contrary,  IBM PROVIDES THE SAMPLE SOURCE CODE
ON AN "AS IS" BASIS AND IBM DISCLAIMS ALL WARRANTIES, EXPRESS OR IMPLIED, 
INCLUDING, BUT NOT LIMITED TO, ANY IMPLIED WARRANTIES OR CONDITIONS OF 
MERCHANTABILITY, SATISFACTORY QUALITY, FITNESS FOR A PARTICULAR PURPOSE, TITLE,
AND ANY WARRANTY OR CONDITION OF NON-INFRINGEMENT.  IBM SHALL NOT BE LIABLE FOR
ANY DIRECT, INDIRECT, INCIDENTAL, SPECIAL OR CONSEQUENTIAL DAMAGES ARISING OUT 
OF THE USE OR OPERATION OF THE SAMPLE SOURCE CODE.  IBM HAS NO OBLIGATION TO 
PROVIDE MAINTENANCE, SUPPORT, UPDATES, ENHANCEMENTS OR MODIFICATIONS TO THE 
SAMPLE SOURCE CODE.
-->
<project name="imported.soa.build.tasks">
    <taskdef name="sca-generateEjbInterfaces" classname="com.ibm.websphere.soa.sca.tasks.SLSBInterfaceGenerator">
        <classpath>
            <path refid="soafp.classpath"/>
        </classpath>
    </taskdef>

    <taskdef name="wsgen" loaderRef="refwsgen" classname="com.sun.tools.ws.ant.WsGen">
        <classpath refid="jaxws.jaxb.ri.path"/>
    </taskdef>

    <taskdef name="wsimport" loaderRef="refwsimport" classname="com.sun.tools.ws.ant.WsImport">
         <classpath refid="jaxws.jaxb.ri.path" />
    </taskdef>

    <taskdef name="apt" loaderRef="refapt"  classname="com.sun.tools.ws.ant.Apt">
        <classpath refid="jaxws.jaxb.ri.path"/>
    </taskdef>

    <taskdef name="xjc" loaderRef="refxjc" classname="com.sun.tools.xjc.XJCTask">
      <classpath refid="jaxws.jaxb.ri.path"/>
    </taskdef>

</project>
