﻿<?xml version="1.0" encoding="UTF-8"?>
<!--
COPYRIGHT LICENSE:  This information contains sample code provided in source
code form. You may copy, modify, and distribute these sample programs in any
form without payment to IBM for the purposes of developing, using, marketing
or distributing application programs conforming to the application programming
interface for the operating platform for which the sample code is written.
Notwithstanding anything to the contrary,  IBM PROVIDES THE SAMPLE SOURCE CODE
ON AN "AS IS" BASIS AND IBM DISCLAIMS ALL WARRANTIES, EXPRESS OR IMPLIED, 
INCLUDING, BUT NOT LIMITED TO, ANY IMPLIED WARRANTIES OR CONDITIONS OF 
MERCHANTABILITY, SATISFACTORY QUALITY, FITNESS FOR A PARTICULAR PURPOSE, TITLE,
AND ANY WARRANTY OR CONDITION OF NON-INFRINGEMENT.  IBM SHALL NOT BE LIABLE FOR
ANY DIRECT, INDIRECT, INCIDENTAL, SPECIAL OR CONSEQUENTIAL DAMAGES ARISING OUT 
OF THE USE OR OPERATION OF THE SAMPLE SOURCE CODE.  IBM HAS NO OBLIGATION TO 
PROVIDE MAINTENANCE, SUPPORT, UPDATES, ENHANCEMENTS OR MODIFICATIONS TO THE 
SAMPLE SOURCE CODE.
-->
<project name="imported.soa.build.classpath">
    <path id="soafp.classpath">
        <pathelement path="${was.install.root}/lib/j2ee.jar"/>
        <pathelement path="${ws.fep.bundle.location}"/>
        <pathelement path="${asm.bundle.location}"/>
        <pathelement path="${jaxb.bundle.location}"/>
        <pathelement path="${tuscany.api.bundle.location}"/>
        <fileset dir="${soa.fep.bundle.location}" includes="**/*.jar"/>      
        <fileset dir="${was.install.root}/derby" includes="**/*.jar"/>
        <fileset dir="${soa.plugins.dir}" includes="**/*.jar"/>
        <pathelement path="${soafp.classpath.extras}"/>
    </path>

    <!-- this classpath does not include soa plugins -->
    <path id="was.runtime.classpath">
        <fileset dir="${was.install.root}/lib" includes="*.jar"/>
        <fileset dir="${was.plugins.dir}" includes="*.jar"/>
        <pathelement path="${was.runtime.classpath.extras}"/>
    </path>

    <!-- It may not have been strictly necessary to have the taskdefs for wsimport use this path definition, since 
         ws_ant would have picked up the needed classes anyway.   But we put this in place to show where the classes
         are coming from. -->
    <path id="jaxws.jaxb.ri.path">
        <pathelement location="${was.install.root}/plugins/com.ibm.jaxws.tools.jar"/>
        <pathelement location="${was.install.root}/plugins/com.ibm.jaxb.tools.jar"/>
    </path>


</project>

