<?xml version="1.0" encoding="UTF-8"?>

<!--
COPYRIGHT LICENSE:  This information contains sample code provided in source
code form. You may copy, modify, and distribute these sample programs in any
form without payment to IBM for the purposes of developing, using, marketing
or distributing application programs conforming to the application programming
interface for the operating platform for which the sample code is written.
Notwithstanding anything to the contrary,  IBM PROVIDES THE SAMPLE SOURCE CODE
ON AN "AS IS" BASIS AND IBM DISCLAIMS ALL WARRANTIES, EXPRESS OR IMPLIED, 
INCLUDING, BUT NOT LIMITED TO, ANY IMPLIED WARRANTIES OR CONDITIONS OF 
MERCHANTABILITY, SATISFACTORY QUALITY, FITNESS FOR A PARTICULAR PURPOSE, TITLE,
AND ANY WARRANTY OR CONDITION OF NON-INFRINGEMENT.  IBM SHALL NOT BE LIABLE FOR
ANY DIRECT, INDIRECT, INCIDENTAL, SPECIAL OR CONSEQUENTIAL DAMAGES ARISING OUT 
OF THE USE OR OPERATION OF THE SAMPLE SOURCE CODE.  IBM HAS NO OBLIGATION TO 
PROVIDE MAINTENANCE, SUPPORT, UPDATES, ENHANCEMENTS OR MODIFICATIONS TO THE 
SAMPLE SOURCE CODE.
-->

<?xml-stylesheet href="http://www.blogger.com/styles/atom.css" type="text/css"?>
<feed xmlns="http://www.w3.org/2005/Atom" xmlns:openSearch="http://a9.com/-/spec/opensearchrss/1.0/">
	<id>tag:blogger.com,1999:user-183038570026.blogs</id>
	<updated>2009-01-21T19:46:18.760</updated>
	<title type="text">Andrew Spyker's Blogs</title>
	<link rel="http://schemas.google.com/g/2005#feed" type="application/atom+xml" href="http://www.blogger.com/feeds/11842707696430474242/blogs"/>
	<link rel="self" type="application/atom+xml" href="http://www.blogger.com/feeds/11842707696430474242/blogs"/>
	<link rel="alternate" type="text/html" href="http://www.blogger.com/profile/11842707696430474242"/>
	<author>
		<name>Andrew Spyker</name>
		<uri>http://www.blogger.com/profile/11842707696430474242</uri>
		<email>noreply@blogger.com</email>
	</author>
	<generator version="7.00" uri="http://www.blogger.com">Blogger</generator>
	<openSearch:totalResults>1</openSearch:totalResults>
	<openSearch:startIndex>1</openSearch:startIndex>
	<openSearch:itemsPerPage>25</openSearch:itemsPerPage>
	<entry>
		<id>tag:blogger.com,1999:user-183038570026.blog-1417695962027703953</id>
		<published>2007-05-25T09:29:13.716-04:00</published>
		<updated>2009-01-21T14:15:35.694-05:00</updated>
		<category scheme="http://www.blogger.com/atom/ns#" term="TPC"/>
		<category scheme="http://www.blogger.com/atom/ns#" term="humor"/>
		<category scheme="http://www.blogger.com/atom/ns#" term="Trade"/>
		<category scheme="http://www.blogger.com/atom/ns#" term="Business Integration"/>
		<category scheme="http://www.blogger.com/atom/ns#" term="WAS V6.1"/>
		<category scheme="http://www.blogger.com/atom/ns#" term="mashups"/>
		<category scheme="http://www.blogger.com/atom/ns#" term="user experience"/>
		<category scheme="http://www.blogger.com/atom/ns#" term="ws-transaction"/>
		<category scheme="http://www.blogger.com/atom/ns#" term="dana duffield"/>
		<category scheme="http://www.blogger.com/atom/ns#" term="bus"/>
		<category scheme="http://www.blogger.com/atom/ns#" term="install"/>
		<category scheme="http://www.blogger.com/atom/ns#" term="quickr"/>
		<category scheme="http://www.blogger.com/atom/ns#" term="web2.0"/>
		<category scheme="http://www.blogger.com/atom/ns#" term="WMQ"/>
		<category scheme="http://www.blogger.com/atom/ns#" term="Steve Kinder"/>
		<category scheme="http://www.blogger.com/atom/ns#" term="WS-Policy"/>
		<category scheme="http://www.blogger.com/atom/ns#" term="OSOA"/>
		<category scheme="http://www.blogger.com/atom/ns#" term="application development"/>
		<category scheme="http://www.blogger.com/atom/ns#" term="java"/>
		<category scheme="http://www.blogger.com/atom/ns#" term="jython"/>
		<category scheme="http://www.blogger.com/atom/ns#" term="feature packs"/>
		<category scheme="http://www.blogger.com/atom/ns#" term="J2EE"/>
		<category scheme="http://www.blogger.com/atom/ns#" term="collaboration"/>
		<category scheme="http://www.blogger.com/atom/ns#" term="project zero"/>
		<category scheme="http://www.blogger.com/atom/ns#" term="consumability"/>
		<category scheme="http://www.blogger.com/atom/ns#" term="scripting"/>
		<category scheme="http://www.blogger.com/atom/ns#" term="SDO"/>
		<category scheme="http://www.blogger.com/atom/ns#" term="performance"/>
		<category scheme="http://www.blogger.com/atom/ns#" term="enterprise service bus"/>
		<category scheme="http://www.blogger.com/atom/ns#" term="migration"/>
		<category scheme="http://www.blogger.com/atom/ns#" term="book review"/>
		<category scheme="http://www.blogger.com/atom/ns#" term="policy"/>
		<category scheme="http://www.blogger.com/atom/ns#" term="SPEC"/>
		<category scheme="http://www.blogger.com/atom/ns#" term="WESB"/>
		<category scheme="http://www.blogger.com/atom/ns#" term="microsoft"/>
		<category scheme="http://www.blogger.com/atom/ns#" term="High Availability"/>
		<category scheme="http://www.blogger.com/atom/ns#" term="conference"/>
		<category scheme="http://www.blogger.com/atom/ns#" term="Multi-Core Processors"/>
		<category scheme="http://www.blogger.com/atom/ns#" term="websphere.org"/>
		<category scheme="http://www.blogger.com/atom/ns#" term="AJAX"/>
		<category scheme="http://www.blogger.com/atom/ns#" term="esb"/>
		<category scheme="http://www.blogger.com/atom/ns#" term="jobso"/>
		<category scheme="http://www.blogger.com/atom/ns#" term="Tuscany"/>
		<category scheme="http://www.blogger.com/atom/ns#" term="stocktrader"/>
		<category scheme="http://www.blogger.com/atom/ns#" term="beta"/>
		<category scheme="http://www.blogger.com/atom/ns#" term="rational"/>
		<category scheme="http://www.blogger.com/atom/ns#" term="administration"/>
		<category scheme="http://www.blogger.com/atom/ns#" term="WS-ReliableMessaging"/>
		<category scheme="http://www.blogger.com/atom/ns#" term="WAS V7.0"/>
		<category scheme="http://www.blogger.com/atom/ns#" term="wsadmin"/>
		<category scheme="http://www.blogger.com/atom/ns#" term="SCA"/>
		<category scheme="http://www.blogger.com/atom/ns#" term="ws-businessactivity"/>
		<category scheme="http://www.blogger.com/atom/ns#" term="standards"/>
		<category scheme="http://www.blogger.com/atom/ns#" term="ejb3"/>
		<category scheme="http://www.blogger.com/atom/ns#" term="barcelona"/>
		<category scheme="http://www.blogger.com/atom/ns#" term="web services"/>
		<category scheme="http://www.blogger.com/atom/ns#" term="Andrew Spyker"/>
		<category scheme="http://www.blogger.com/atom/ns#" term="jazz"/>
		<category scheme="http://www.blogger.com/atom/ns#" term="portal"/>
		<category scheme="http://www.blogger.com/atom/ns#" term="WPS"/>
		<category scheme="http://www.blogger.com/atom/ns#" term="messaging"/>
		<category scheme="http://www.blogger.com/atom/ns#" term="Programming Model"/>
		<category scheme="http://www.blogger.com/atom/ns#" term="ws-atomictransaction"/>
		<category scheme="http://www.blogger.com/atom/ns#" term="mainframe"/>
		<category scheme="http://www.blogger.com/atom/ns#" term="feeling"/>
		<category scheme="http://www.blogger.com/atom/ns#" term=".NET"/>
		<category scheme="http://www.blogger.com/atom/ns#" term="OASIS"/>
		<category scheme="http://www.blogger.com/atom/ns#" term="RAD"/>
		<category scheme="http://www.blogger.com/atom/ns#" term="WAS"/>
		<category scheme="http://www.blogger.com/atom/ns#" term="WS-I Reliable Secure Profile"/>
		<category scheme="http://www.blogger.com/atom/ns#" term="test"/>
		<category scheme="http://www.blogger.com/atom/ns#" term="Servlets"/>
		<category scheme="http://www.blogger.com/atom/ns#" term="WSRP"/>
		<category scheme="http://www.blogger.com/atom/ns#" term="sharing"/>
		<category scheme="http://www.blogger.com/atom/ns#" term="Tim Francis"/>
		<category scheme="http://www.blogger.com/atom/ns#" term="xml"/>
		<category scheme="http://www.blogger.com/atom/ns#" term="PS3"/>
		<category scheme="http://www.blogger.com/atom/ns#" term="Google"/>
		<category scheme="http://www.blogger.com/atom/ns#" term="Thomas Schaeck"/>
		<category scheme="http://www.blogger.com/atom/ns#" term="Spring"/>
		<category scheme="http://www.blogger.com/atom/ns#" term="ian robinson"/>
		<category scheme="http://www.blogger.com/atom/ns#" term="memorize"/>
		<category scheme="http://www.blogger.com/atom/ns#" term="WCF"/>
		<category scheme="http://www.blogger.com/atom/ns#" term="soa"/>
		<category scheme="http://www.blogger.com/atom/ns#" term="benchmark"/>
		<title type="text">WebSphere Community Blog</title>
		<summary type="html">Thoughts and opinions on products across the WebSphere brand with a wide range of contributers across multiple products, including WebSphere Application Server, WebSphere Portal Server, WebSphere Process Server and more, as well as across multiple specialties, including technical architects, marketing, management, and user experience. The postings on this site are our own and don’t necessarily represent IBM’s positions, strategies or opinions.</summary>
		<link rel="self" type="application/atom+xml" href="http://www.blogger.com/feeds/11842707696430474242/blogs/1417695962027703953"/>
		<link rel="alternate" type="text/html" href="http://webspherecommunity.blogspot.com/"/>
		<link rel="http://schemas.google.com/g/2005#feed" type="application/atom+xml" href="http://webspherecommunity.blogspot.com/feeds/posts/default"/>
		<link rel="http://schemas.google.com/g/2005#post" type="application/atom+xml" href="http://www.blogger.com/feeds/1417695962027703953/posts/default"/>
		<link rel="http://schemas.google.com/blogger/2008#template" type="application/atom+xml" href="http://www.blogger.com/feeds/1417695962027703953/template"/>
		<link rel="http://schemas.google.com/blogger/2008#settings" type="application/atom+xml" href="http://www.blogger.com/feeds/1417695962027703953/settings"/>
		<author>
			<name>Andrew Spyker</name>
			<uri>http://www.blogger.com/profile/11842707696430474242</uri>
			<email>noreply@blogger.com</email>
		</author>
	</entry>
</feed>
