<?xml version="1.0" encoding="UTF-8"?>

<!--
COPYRIGHT LICENSE:  This information contains sample code provided in source
code form. You may copy, modify, and distribute these sample programs in any
form without payment to IBM for the purposes of developing, using, marketing
or distributing application programs conforming to the application programming
interface for the operating platform for which the sample code is written.
Notwithstanding anything to the contrary,  IBM PROVIDES THE SAMPLE SOURCE CODE
ON AN "AS IS" BASIS AND IBM DISCLAIMS ALL WARRANTIES, EXPRESS OR IMPLIED, 
INCLUDING, BUT NOT LIMITED TO, ANY IMPLIED WARRANTIES OR CONDITIONS OF 
MERCHANTABILITY, SATISFACTORY QUALITY, FITNESS FOR A PARTICULAR PURPOSE, TITLE,
AND ANY WARRANTY OR CONDITION OF NON-INFRINGEMENT.  IBM SHALL NOT BE LIABLE FOR
ANY DIRECT, INDIRECT, INCIDENTAL, SPECIAL OR CONSEQUENTIAL DAMAGES ARISING OUT 
OF THE USE OR OPERATION OF THE SAMPLE SOURCE CODE.  IBM HAS NO OBLIGATION TO 
PROVIDE MAINTENANCE, SUPPORT, UPDATES, ENHANCEMENTS OR MODIFICATIONS TO THE 
SAMPLE SOURCE CODE.
-->

<feed xmlns="http://www.w3.org/2005/Atom">
	<id>tag:blogger.com,1999:blog-1417695962027703953.comments</id>
	<updated>2009-10-17T13:06:00.000-05:00</updated>
	<title type="text">WebSphere Community Blog</title>
	<link rel="http://schemas.google.com/g/2005#feed" type="application/atom+xml" href="http://webspherecommunity.blogspot.com/feeds/comments/default"/>
	<link rel="self" type="application/atom+xml" href="http://www.blogger.com/feeds/1417695962027703953/comments/default"/>
	<link rel="alternate" type="text/html" href="http://webspherecommunity.blogspot.com/"/>
	<link rel="next" type="application/atom+xml" href="http://www.blogger.com/feeds/1417695962027703953/comments/default?start-index=26&amp;max-results=25"/>
	<author>
		<name>Andrew Spyker</name>
		<uri>http://www.blogger.com/profile/11842707696430474242</uri>
		<email>noreply@blogger.com</email>
	</author>
	<generator version="7.00" uri="http://www.blogger.com">Blogger</generator>
	<openSearch:totalResults xmlns="" xmlns:openSearch="http://a9.com/-/spec/opensearchrss/1.0/">93</openSearch:totalResults>
	<openSearch:startIndex xmlns="" xmlns:openSearch="http://a9.com/-/spec/opensearchrss/1.0/">1</openSearch:startIndex>
	<openSearch:itemsPerPage xmlns="" xmlns:openSearch="http://a9.com/-/spec/opensearchrss/1.0/">25</openSearch:itemsPerPage>
	<entry>
		<id>tag:blogger.com,1999:blog-1417695962027703953.post-6498982274841848264</id>
		<published>2009-10-17T13:06:00.000-05:00</published>
		<updated>2009-10-17T13:06:00.000-05:00</updated>
		<atom:title xmlns="" xmlns:atom="http://www.w3.org/2005/Atom" xmlns:openSearch="http://a9.com/-/spec/opensearchrss/1.0/" type="text">Fake Title</atom:title>
		<atom:content xmlns="" xmlns:atom="http://www.w3.org/2005/Atom" xmlns:openSearch="http://a9.com/-/spec/opensearchrss/1.0/" type="html">ShoOt testing ignore this comment</atom:content>
		<link rel="edit" type="application/atom+xml" href="http://www.blogger.com/feeds/1417695962027703953/2328454624364237801/comments/default/6498982274841848264"/>
		<link rel="self" type="application/atom+xml" href="http://www.blogger.com/feeds/1417695962027703953/2328454624364237801/comments/default/6498982274841848264"/>
		<link rel="alternate" type="text/html" href="http://webspherecommunity.blogspot.com/2007/07/obligatory-first-post-from-andrew.html?showComment=1232042760000#c6498982274841848264" title=""/>
		<atom:author xmlns="" xmlns:atom="http://www.w3.org/2005/Atom" xmlns:openSearch="http://a9.com/-/spec/opensearchrss/1.0/">
			<atom:name>Joe Smith</atom:name>
			<atom:uri>http://joe.uri.com</atom:uri>
			<atom:email>jsmith@email.com</atom:email>
		</atom:author>
		<thr:in-reply-to xmlns="" xmlns:thr="http://purl.org/syndication/thread/1.0" href="http://webspherecommunity.blogspot.com/2007/07/obligatory-first-post-from-andrew.html" ref="tag:blogger.com,1999:blog-1417695962027703953.post-2328454624364237801" source="http://www.blogger.com/feeds/1417695962027703953/posts/default/2328454624364237801" type="text/html"/>
	</entry>
	<entry>
		<id>tag:blogger.com,1999:blog-1417695962027703953.post-8687831586179324273</id>
		<published>2009-10-16T10:41:00.000-05:00</published>
		<updated>2009-10-16T10:41:00.000-05:00</updated>
		<atom:title xmlns="" xmlns:atom="http://www.w3.org/2005/Atom" xmlns:openSearch="http://a9.com/-/spec/opensearchrss/1.0/" type="text">Fake Title</atom:title>
		<atom:content xmlns="" xmlns:atom="http://www.w3.org/2005/Atom" xmlns:openSearch="http://a9.com/-/spec/opensearchrss/1.0/" type="html">A content that has a KEYWORD in it.</atom:content>
		<link rel="edit" type="application/atom+xml" href="http://www.blogger.com/feeds/1417695962027703953/6620938068623415059/comments/default/8687831586179324273"/>
		<link rel="self" type="application/atom+xml" href="http://www.blogger.com/feeds/1417695962027703953/6620938068623415059/comments/default/8687831586179324273"/>
		<link rel="alternate" type="text/html" href="http://webspherecommunity.blogspot.com/2008/02/facts-of-rad.html?showComment=1228318860000#c8687831586179324273" title=""/>
		<atom:author xmlns="" xmlns:atom="http://www.w3.org/2005/Atom" xmlns:openSearch="http://a9.com/-/spec/opensearchrss/1.0/">
			<atom:name>Joe Smith</atom:name>
			<atom:uri>http://joe.uri.com</atom:uri>
			<atom:email>jsmith2@email.com</atom:email>
		</atom:author>
		<thr:in-reply-to xmlns="" xmlns:thr="http://purl.org/syndication/thread/1.0" href="http://webspherecommunity.blogspot.com/2008/02/facts-of-rad.html" ref="tag:blogger.com,1999:blog-1417695962027703953.post-6620938068623415059" source="http://www.blogger.com/feeds/1417695962027703953/posts/default/6620938068623415059" type="text/html"/>
	</entry>
	<entry>
		<id>tag:blogger.com,1999:blog-1417695962027703953.post-1368083225875122001</id>
		<published>2009-10-15T08:31:00.000-05:00</published>
		<updated>2009-10-15T08:31:00.000-05:00</updated>
		<atom:title xmlns="" xmlns:atom="http://www.w3.org/2005/Atom" xmlns:openSearch="http://a9.com/-/spec/opensearchrss/1.0/" type="text">Fake Title</atom:title>
		<atom:content xmlns="" xmlns:atom="http://www.w3.org/2005/Atom" xmlns:openSearch="http://a9.com/-/spec/opensearchrss/1.0/" type="html">shoot</atom:content>
		<link rel="edit" type="application/atom+xml" href="http://www.blogger.com/feeds/1417695962027703953/6620938068623415059/comments/default/1368083225875122001"/>
		<link rel="self" type="application/atom+xml" href="http://www.blogger.com/feeds/1417695962027703953/6620938068623415059/comments/default/1368083225875122001"/>
		<link rel="alternate" type="text/html" href="http://webspherecommunity.blogspot.com/2008/02/facts-of-rad.html?showComment=1228311060000#c1368083225875122001" title=""/>
		<atom:author xmlns="" xmlns:atom="http://www.w3.org/2005/Atom" xmlns:openSearch="http://a9.com/-/spec/opensearchrss/1.0/">
			<atom:name>Joe Smith</atom:name>
			<atom:uri>http://joe.uri.com</atom:uri>
			<atom:email>jsmith2@email2.com</atom:email>
		</atom:author>
		<thr:in-reply-to xmlns="" xmlns:thr="http://purl.org/syndication/thread/1.0" href="http://webspherecommunity.blogspot.com/2008/02/facts-of-rad.html" ref="tag:blogger.com,1999:blog-1417695962027703953.post-6620938068623415059" source="http://www.blogger.com/feeds/1417695962027703953/posts/default/6620938068623415059" type="text/html"/>
	</entry>
	<entry>
		<id>tag:blogger.com,1999:blog-1417695962027703953.post-7317514582186361431</id>
		<published>2009-10-14T09:05:00.000-05:00</published>
		<updated>2009-10-14T09:05:00.000-05:00</updated>
		<atom:title xmlns="" xmlns:atom="http://www.w3.org/2005/Atom" xmlns:openSearch="http://a9.com/-/spec/opensearchrss/1.0/" type="text">Fake Title</atom:title>
		<atom:content xmlns="" xmlns:atom="http://www.w3.org/2005/Atom" xmlns:openSearch="http://a9.com/-/spec/opensearchrss/1.0/" type="html">Fake Content</atom:content>
		<link rel="edit" type="application/atom+xml" href="http://www.blogger.com/feeds/1417695962027703953/1309655444927281073/comments/default/7317514582186361431"/>
		<link rel="self" type="application/atom+xml" href="http://www.blogger.com/feeds/1417695962027703953/1309655444927281073/comments/default/7317514582186361431"/>
		<link rel="alternate" type="text/html" href="http://webspherecommunity.blogspot.com/2008/11/ejb-30-and-web-services-in-websphere.html?showComment=1226671500000#c7317514582186361431" title=""/>
		<atom:author xmlns="" xmlns:atom="http://www.w3.org/2005/Atom" xmlns:openSearch="http://a9.com/-/spec/opensearchrss/1.0/">
			<atom:name>Joe Smith</atom:name>
			<atom:uri>http://joe.uri.com</atom:uri>
			<atom:email>jsmith@email.com</atom:email>
		</atom:author>
		<thr:in-reply-to xmlns="" xmlns:thr="http://purl.org/syndication/thread/1.0" href="http://webspherecommunity.blogspot.com/2008/11/ejb-30-and-web-services-in-websphere.html" ref="tag:blogger.com,1999:blog-1417695962027703953.post-1309655444927281073" source="http://www.blogger.com/feeds/1417695962027703953/posts/default/1309655444927281073" type="text/html"/>
	</entry>
	<entry>
		<id>tag:blogger.com,1999:blog-1417695962027703953.post-3084528517167447892</id>
		<published>2009-10-13T23:29:00.000-05:00</published>
		<updated>2009-10-13T23:29:00.000-05:00</updated>
		<atom:title xmlns="" xmlns:atom="http://www.w3.org/2005/Atom" xmlns:openSearch="http://a9.com/-/spec/opensearchrss/1.0/" type="text">Fake Title</atom:title>
		<atom:content xmlns="" xmlns:atom="http://www.w3.org/2005/Atom" xmlns:openSearch="http://a9.com/-/spec/opensearchrss/1.0/" type="html">Fake Content</atom:content>
		<link rel="edit" type="application/atom+xml" href="http://www.blogger.com/feeds/1417695962027703953/1309655444927281073/comments/default/3084528517167447892"/>
		<link rel="self" type="application/atom+xml" href="http://www.blogger.com/feeds/1417695962027703953/1309655444927281073/comments/default/3084528517167447892"/>
		<link rel="alternate" type="text/html" href="http://webspherecommunity.blogspot.com/2008/11/ejb-30-and-web-services-in-websphere.html?showComment=1226636940000#c3084528517167447892" title=""/>
		<atom:author xmlns="" xmlns:atom="http://www.w3.org/2005/Atom" xmlns:openSearch="http://a9.com/-/spec/opensearchrss/1.0/">
			<atom:name>Joe Smith</atom:name>
			<atom:uri>http://joe.uri.com</atom:uri>
			<atom:email>jsmith@email.com</atom:email>
		</atom:author>
		<thr:in-reply-to xmlns="" xmlns:thr="http://purl.org/syndication/thread/1.0" href="http://webspherecommunity.blogspot.com/2008/11/ejb-30-and-web-services-in-websphere.html" ref="tag:blogger.com,1999:blog-1417695962027703953.post-1309655444927281073" source="http://www.blogger.com/feeds/1417695962027703953/posts/default/1309655444927281073" type="text/html"/>
	</entry>
	<entry>
		<id>tag:blogger.com,1999:blog-1417695962027703953.post-3657445923863920651</id>
		<published>2009-10-13T07:48:00.000-05:00</published>
		<updated>2009-10-13T07:48:00.000-05:00</updated>
		<atom:title xmlns="" xmlns:atom="http://www.w3.org/2005/Atom" xmlns:openSearch="http://a9.com/-/spec/opensearchrss/1.0/" type="text">Fake Title</atom:title>
		<atom:content xmlns="" xmlns:atom="http://www.w3.org/2005/Atom" xmlns:openSearch="http://a9.com/-/spec/opensearchrss/1.0/" type="html">Fake Content</atom:content>
		<link rel="edit" type="application/atom+xml" href="http://www.blogger.com/feeds/1417695962027703953/1309655444927281073/comments/default/3657445923863920651"/>
		<link rel="self" type="application/atom+xml" href="http://www.blogger.com/feeds/1417695962027703953/1309655444927281073/comments/default/3657445923863920651"/>
		<link rel="alternate" type="text/html" href="http://webspherecommunity.blogspot.com/2008/11/ejb-30-and-web-services-in-websphere.html?showComment=1226580480000#c3657445923863920651" title=""/>
		<atom:author xmlns="" xmlns:atom="http://www.w3.org/2005/Atom" xmlns:openSearch="http://a9.com/-/spec/opensearchrss/1.0/">
			<atom:name>Joe Smith</atom:name>
			<atom:uri>http://joe.uri.com</atom:uri>
			<atom:email>jsmith@email.com</atom:email>
		</atom:author>
		<thr:in-reply-to xmlns="" xmlns:thr="http://purl.org/syndication/thread/1.0" href="http://webspherecommunity.blogspot.com/2008/11/ejb-30-and-web-services-in-websphere.html" ref="tag:blogger.com,1999:blog-1417695962027703953.post-1309655444927281073" source="http://www.blogger.com/feeds/1417695962027703953/posts/default/1309655444927281073" type="text/html"/>
	</entry>
	<entry>
		<id>tag:blogger.com,1999:blog-1417695962027703953.post-1856915536470907198</id>
		<published>2009-10-12T22:51:00.000-05:00</published>
		<updated>2009-10-12T22:51:00.000-05:00</updated>
		<atom:title xmlns="" xmlns:atom="http://www.w3.org/2005/Atom" xmlns:openSearch="http://a9.com/-/spec/opensearchrss/1.0/" type="text">Fake Title</atom:title>
		<atom:content xmlns="" xmlns:atom="http://www.w3.org/2005/Atom" xmlns:openSearch="http://a9.com/-/spec/opensearchrss/1.0/" type="html">Fake Content</atom:content>
		<link rel="edit" type="application/atom+xml" href="http://www.blogger.com/feeds/1417695962027703953/1309655444927281073/comments/default/1856915536470907198"/>
		<link rel="self" type="application/atom+xml" href="http://www.blogger.com/feeds/1417695962027703953/1309655444927281073/comments/default/1856915536470907198"/>
		<link rel="alternate" type="text/html" href="http://webspherecommunity.blogspot.com/2008/11/ejb-30-and-web-services-in-websphere.html?showComment=1226548260000#c1856915536470907198" title=""/>
		<atom:author xmlns="" xmlns:atom="http://www.w3.org/2005/Atom" xmlns:openSearch="http://a9.com/-/spec/opensearchrss/1.0/">
			<atom:name>Anonymous</atom:name>
			<email>noreply@blogger.com</email>
		</atom:author>
		<thr:in-reply-to xmlns="" xmlns:thr="http://purl.org/syndication/thread/1.0" href="http://webspherecommunity.blogspot.com/2008/11/ejb-30-and-web-services-in-websphere.html" ref="tag:blogger.com,1999:blog-1417695962027703953.post-1309655444927281073" source="http://www.blogger.com/feeds/1417695962027703953/posts/default/1309655444927281073" type="text/html"/>
	</entry>
	<entry>
		<id>tag:blogger.com,1999:blog-1417695962027703953.post-6101656426605434109</id>
		<published>2009-10-12T08:06:00.000-05:00</published>
		<updated>2009-10-12T08:06:00.000-05:00</updated>
		<atom:title xmlns="" xmlns:atom="http://www.w3.org/2005/Atom" xmlns:openSearch="http://a9.com/-/spec/opensearchrss/1.0/" type="text">Fake Title</atom:title>
		<atom:content xmlns="" xmlns:atom="http://www.w3.org/2005/Atom" xmlns:openSearch="http://a9.com/-/spec/opensearchrss/1.0/" type="html">Fake Content</atom:content>
		<link rel="edit" type="application/atom+xml" href="http://www.blogger.com/feeds/1417695962027703953/1309655444927281073/comments/default/6101656426605434109"/>
		<link rel="self" type="application/atom+xml" href="http://www.blogger.com/feeds/1417695962027703953/1309655444927281073/comments/default/6101656426605434109"/>
		<link rel="alternate" type="text/html" href="http://webspherecommunity.blogspot.com/2008/11/ejb-30-and-web-services-in-websphere.html?showComment=1226495160000#c6101656426605434109" title=""/>
		<atom:author xmlns="" xmlns:atom="http://www.w3.org/2005/Atom" xmlns:openSearch="http://a9.com/-/spec/opensearchrss/1.0/">
			<atom:name>Joe Smith</atom:name>
			<atom:uri>http://joe.uri.com</atom:uri>
			<atom:email>jsmith@email.com</atom:email>
		</atom:author>
		<thr:in-reply-to xmlns="" xmlns:thr="http://purl.org/syndication/thread/1.0" href="http://webspherecommunity.blogspot.com/2008/11/ejb-30-and-web-services-in-websphere.html" ref="tag:blogger.com,1999:blog-1417695962027703953.post-1309655444927281073" source="http://www.blogger.com/feeds/1417695962027703953/posts/default/1309655444927281073" type="text/html"/>
	</entry>
	<entry>
		<id>tag:blogger.com,1999:blog-1417695962027703953.post-9109272271234746367</id>
		<published>2009-10-12T06:39:00.000-05:00</published>
		<updated>2009-10-12T06:39:00.000-05:00</updated>
		<atom:title xmlns="" xmlns:atom="http://www.w3.org/2005/Atom" xmlns:openSearch="http://a9.com/-/spec/opensearchrss/1.0/" type="text">Fake Title</atom:title>
		<atom:content xmlns="" xmlns:atom="http://www.w3.org/2005/Atom" xmlns:openSearch="http://a9.com/-/spec/opensearchrss/1.0/" type="html">Fake Content</atom:content>
		<link rel="edit" type="application/atom+xml" href="http://www.blogger.com/feeds/1417695962027703953/1309655444927281073/comments/default/9109272271234746367"/>
		<link rel="self" type="application/atom+xml" href="http://www.blogger.com/feeds/1417695962027703953/1309655444927281073/comments/default/9109272271234746367"/>
		<link rel="alternate" type="text/html" href="http://webspherecommunity.blogspot.com/2008/11/ejb-30-and-web-services-in-websphere.html?showComment=1226489940000#c9109272271234746367" title=""/>
		<atom:author xmlns="" xmlns:atom="http://www.w3.org/2005/Atom" xmlns:openSearch="http://a9.com/-/spec/opensearchrss/1.0/">
			<atom:name>Anonymous</atom:name>
			<email>noreply@blogger.com</email>
		</atom:author>
		<thr:in-reply-to xmlns="" xmlns:thr="http://purl.org/syndication/thread/1.0" href="http://webspherecommunity.blogspot.com/2008/11/ejb-30-and-web-services-in-websphere.html" ref="tag:blogger.com,1999:blog-1417695962027703953.post-1309655444927281073" source="http://www.blogger.com/feeds/1417695962027703953/posts/default/1309655444927281073" type="text/html"/>
	</entry>
	<entry>
		<id>tag:blogger.com,1999:blog-1417695962027703953.post-1572111286598336253</id>
		<published>2009-10-06T16:16:00.000-05:00</published>
		<updated>2009-10-06T16:16:00.000-05:00</updated>
		<atom:title xmlns="" xmlns:atom="http://www.w3.org/2005/Atom" xmlns:openSearch="http://a9.com/-/spec/opensearchrss/1.0/" type="text">Fake Title</atom:title>
		<atom:content xmlns="" xmlns:atom="http://www.w3.org/2005/Atom" xmlns:openSearch="http://a9.com/-/spec/opensearchrss/1.0/" type="html">Fake Content</atom:content>
		<link rel="edit" type="application/atom+xml" href="http://www.blogger.com/feeds/1417695962027703953/1309655444927281073/comments/default/1572111286598336253"/>
		<link rel="self" type="application/atom+xml" href="http://www.blogger.com/feeds/1417695962027703953/1309655444927281073/comments/default/1572111286598336253"/>
		<link rel="alternate" type="text/html" href="http://webspherecommunity.blogspot.com/2008/11/ejb-30-and-web-services-in-websphere.html?showComment=1226006160000#c1572111286598336253" title=""/>
		<atom:author xmlns="" xmlns:atom="http://www.w3.org/2005/Atom" xmlns:openSearch="http://a9.com/-/spec/opensearchrss/1.0/">
			<atom:name>Joe Smith</atom:name>
			<atom:uri>http://joe.uri.com</atom:uri>
			<atom:email>jsmith@email.com</atom:email>
		</atom:author>
		<thr:in-reply-to xmlns="" xmlns:thr="http://purl.org/syndication/thread/1.0" href="http://webspherecommunity.blogspot.com/2008/11/ejb-30-and-web-services-in-websphere.html" ref="tag:blogger.com,1999:blog-1417695962027703953.post-1309655444927281073" source="http://www.blogger.com/feeds/1417695962027703953/posts/default/1309655444927281073" type="text/html"/>
	</entry>
	<entry>
		<id>tag:blogger.com,1999:blog-1417695962027703953.post-3930508888403860608</id>
		<published>2009-10-06T14:59:00.000-05:00</published>
		<updated>2009-10-06T14:59:00.000-05:00</updated>
		<atom:title xmlns="" xmlns:atom="http://www.w3.org/2005/Atom" xmlns:openSearch="http://a9.com/-/spec/opensearchrss/1.0/" type="text">Fake Title</atom:title>
		<atom:content xmlns="" xmlns:atom="http://www.w3.org/2005/Atom" xmlns:openSearch="http://a9.com/-/spec/opensearchrss/1.0/" type="html">Fake Content</atom:content>
		<link rel="edit" type="application/atom+xml" href="http://www.blogger.com/feeds/1417695962027703953/1818227148376410960/comments/default/3930508888403860608"/>
		<link rel="self" type="application/atom+xml" href="http://www.blogger.com/feeds/1417695962027703953/1818227148376410960/comments/default/3930508888403860608"/>
		<link rel="alternate" type="text/html" href="http://webspherecommunity.blogspot.com/2008/11/websphere-application-server-v7.html?showComment=1226001540000#c3930508888403860608" title=""/>
		<atom:author xmlns="" xmlns:atom="http://www.w3.org/2005/Atom" xmlns:openSearch="http://a9.com/-/spec/opensearchrss/1.0/">
			<atom:name>Joe Smith</atom:name>
			<atom:uri>http://joe.uri.com</atom:uri>
			<atom:email>jsmith@email.com</atom:email>
		</atom:author>
		<thr:in-reply-to xmlns="" xmlns:thr="http://purl.org/syndication/thread/1.0" href="http://webspherecommunity.blogspot.com/2008/11/websphere-application-server-v7.html" ref="tag:blogger.com,1999:blog-1417695962027703953.post-1818227148376410960" source="http://www.blogger.com/feeds/1417695962027703953/posts/default/1818227148376410960" type="text/html"/>
	</entry>
	<entry>
		<id>tag:blogger.com,1999:blog-1417695962027703953.post-1601254537138563896</id>
		<published>2009-10-06T14:54:00.000-05:00</published>
		<updated>2009-10-06T14:54:00.000-05:00</updated>
		<atom:title xmlns="" xmlns:atom="http://www.w3.org/2005/Atom" xmlns:openSearch="http://a9.com/-/spec/opensearchrss/1.0/" type="text">Fake Title</atom:title>
		<atom:content xmlns="" xmlns:atom="http://www.w3.org/2005/Atom" xmlns:openSearch="http://a9.com/-/spec/opensearchrss/1.0/" type="html">Fake Content</atom:content>
		<link rel="edit" type="application/atom+xml" href="http://www.blogger.com/feeds/1417695962027703953/1309655444927281073/comments/default/1601254537138563896"/>
		<link rel="self" type="application/atom+xml" href="http://www.blogger.com/feeds/1417695962027703953/1309655444927281073/comments/default/1601254537138563896"/>
		<link rel="alternate" type="text/html" href="http://webspherecommunity.blogspot.com/2008/11/ejb-30-and-web-services-in-websphere.html?showComment=1226001240000#c1601254537138563896" title=""/>
		<atom:author xmlns="" xmlns:atom="http://www.w3.org/2005/Atom" xmlns:openSearch="http://a9.com/-/spec/opensearchrss/1.0/">
			<atom:name>Joe Smith</atom:name>
			<atom:uri>http://joe.uri.com</atom:uri>
			<atom:email>jsmith@email.com</atom:email>
		</atom:author>
		<thr:in-reply-to xmlns="" xmlns:thr="http://purl.org/syndication/thread/1.0" href="http://webspherecommunity.blogspot.com/2008/11/ejb-30-and-web-services-in-websphere.html" ref="tag:blogger.com,1999:blog-1417695962027703953.post-1309655444927281073" source="http://www.blogger.com/feeds/1417695962027703953/posts/default/1309655444927281073" type="text/html"/>
	</entry>
	<entry>
		<id>tag:blogger.com,1999:blog-1417695962027703953.post-937193732500058825</id>
		<published>2009-10-06T13:25:00.000-05:00</published>
		<updated>2009-10-06T13:25:00.000-05:00</updated>
		<atom:title xmlns="" xmlns:atom="http://www.w3.org/2005/Atom" xmlns:openSearch="http://a9.com/-/spec/opensearchrss/1.0/" type="text">Fake Title</atom:title>
		<atom:content xmlns="" xmlns:atom="http://www.w3.org/2005/Atom" xmlns:openSearch="http://a9.com/-/spec/opensearchrss/1.0/" type="html">Fake Content</atom:content>
		<link rel="edit" type="application/atom+xml" href="http://www.blogger.com/feeds/1417695962027703953/1309655444927281073/comments/default/937193732500058825"/>
		<link rel="self" type="application/atom+xml" href="http://www.blogger.com/feeds/1417695962027703953/1309655444927281073/comments/default/937193732500058825"/>
		<link rel="alternate" type="text/html" href="http://webspherecommunity.blogspot.com/2008/11/ejb-30-and-web-services-in-websphere.html?showComment=1225995900000#c937193732500058825" title=""/>
		<atom:author xmlns="" xmlns:atom="http://www.w3.org/2005/Atom" xmlns:openSearch="http://a9.com/-/spec/opensearchrss/1.0/">
			<atom:name>Anonymous</atom:name>
			<email>noreply@blogger.com</email>
		</atom:author>
		<thr:in-reply-to xmlns="" xmlns:thr="http://purl.org/syndication/thread/1.0" href="http://webspherecommunity.blogspot.com/2008/11/ejb-30-and-web-services-in-websphere.html" ref="tag:blogger.com,1999:blog-1417695962027703953.post-1309655444927281073" source="http://www.blogger.com/feeds/1417695962027703953/posts/default/1309655444927281073" type="text/html"/>
	</entry>
	<entry>
		<id>tag:blogger.com,1999:blog-1417695962027703953.post-1858243713983060745</id>
		<published>2009-10-06T12:34:00.000-05:00</published>
		<updated>2009-10-06T12:34:00.000-05:00</updated>
		<atom:title xmlns="" xmlns:atom="http://www.w3.org/2005/Atom" xmlns:openSearch="http://a9.com/-/spec/opensearchrss/1.0/" type="text">Fake Title</atom:title>
		<atom:content xmlns="" xmlns:atom="http://www.w3.org/2005/Atom" xmlns:openSearch="http://a9.com/-/spec/opensearchrss/1.0/" type="html">Fake Content</atom:content>
		<link rel="edit" type="application/atom+xml" href="http://www.blogger.com/feeds/1417695962027703953/7504168928937515739/comments/default/1858243713983060745"/>
		<link rel="self" type="application/atom+xml" href="http://www.blogger.com/feeds/1417695962027703953/7504168928937515739/comments/default/1858243713983060745"/>
		<link rel="alternate" type="text/html" href="http://webspherecommunity.blogspot.com/2008/10/64-bit-performance-thoughputmemory.html?showComment=1225992840000#c1858243713983060745" title=""/>
		<atom:author xmlns="" xmlns:atom="http://www.w3.org/2005/Atom" xmlns:openSearch="http://a9.com/-/spec/opensearchrss/1.0/">
			<atom:name>Joe Smith</atom:name>
			<atom:uri>http://joe.uri.com</atom:uri>
			<atom:email>jsmith@email.com</atom:email>
		</atom:author>
		<thr:in-reply-to xmlns="" xmlns:thr="http://purl.org/syndication/thread/1.0" href="http://webspherecommunity.blogspot.com/2008/10/64-bit-performance-thoughputmemory.html" ref="tag:blogger.com,1999:blog-1417695962027703953.post-7504168928937515739" source="http://www.blogger.com/feeds/1417695962027703953/posts/default/7504168928937515739" type="text/html"/>
	</entry>
	<entry>
		<id>tag:blogger.com,1999:blog-1417695962027703953.post-3216028241920531378</id>
		<published>2009-10-06T12:32:00.000-05:00</published>
		<updated>2009-10-06T12:32:00.000-05:00</updated>
		<atom:title xmlns="" xmlns:atom="http://www.w3.org/2005/Atom" xmlns:openSearch="http://a9.com/-/spec/opensearchrss/1.0/" type="text">Fake Title</atom:title>
		<atom:content xmlns="" xmlns:atom="http://www.w3.org/2005/Atom" xmlns:openSearch="http://a9.com/-/spec/opensearchrss/1.0/" type="html">Fake Content</atom:content>
		<link rel="edit" type="application/atom+xml" href="http://www.blogger.com/feeds/1417695962027703953/1818227148376410960/comments/default/3216028241920531378"/>
		<link rel="self" type="application/atom+xml" href="http://www.blogger.com/feeds/1417695962027703953/1818227148376410960/comments/default/3216028241920531378"/>
		<link rel="alternate" type="text/html" href="http://webspherecommunity.blogspot.com/2008/11/websphere-application-server-v7.html?showComment=1225992720000#c3216028241920531378" title=""/>
		<atom:author xmlns="" xmlns:atom="http://www.w3.org/2005/Atom" xmlns:openSearch="http://a9.com/-/spec/opensearchrss/1.0/">
			<atom:name>Joe Smith</atom:name>
			<atom:uri>http://joe.uri.com</atom:uri>
			<atom:email>jsmith@email.com</atom:email>
		</atom:author>
		<thr:in-reply-to xmlns="" xmlns:thr="http://purl.org/syndication/thread/1.0" href="http://webspherecommunity.blogspot.com/2008/11/websphere-application-server-v7.html" ref="tag:blogger.com,1999:blog-1417695962027703953.post-1818227148376410960" source="http://www.blogger.com/feeds/1417695962027703953/posts/default/1818227148376410960" type="text/html"/>
	</entry>
	<entry>
		<id>tag:blogger.com,1999:blog-1417695962027703953.post-9205068937693287083</id>
		<published>2009-10-06T12:16:00.000-05:00</published>
		<updated>2009-10-06T12:16:00.000-05:00</updated>
		<atom:title xmlns="" xmlns:atom="http://www.w3.org/2005/Atom" xmlns:openSearch="http://a9.com/-/spec/opensearchrss/1.0/" type="text">Fake Title</atom:title>
		<atom:content xmlns="" xmlns:atom="http://www.w3.org/2005/Atom" xmlns:openSearch="http://a9.com/-/spec/opensearchrss/1.0/" type="html">Fake Content</atom:content>
		<link rel="edit" type="application/atom+xml" href="http://www.blogger.com/feeds/1417695962027703953/2215969148577629651/comments/default/9205068937693287083"/>
		<link rel="self" type="application/atom+xml" href="http://www.blogger.com/feeds/1417695962027703953/2215969148577629651/comments/default/9205068937693287083"/>
		<link rel="alternate" type="text/html" href="http://webspherecommunity.blogspot.com/2008/09/web-service-performance-improvements-in.html?showComment=1225991760000#c9205068937693287083" title=""/>
		<atom:author xmlns="" xmlns:atom="http://www.w3.org/2005/Atom" xmlns:openSearch="http://a9.com/-/spec/opensearchrss/1.0/">
			<atom:name>Joe Smith</atom:name>
			<atom:uri>http://joe.uri.com</atom:uri>
			<atom:email>jsmith@email.com</atom:email>
		</atom:author>
		<thr:in-reply-to xmlns="" xmlns:thr="http://purl.org/syndication/thread/1.0" href="http://webspherecommunity.blogspot.com/2008/09/web-service-performance-improvements-in.html" ref="tag:blogger.com,1999:blog-1417695962027703953.post-2215969148577629651" source="http://www.blogger.com/feeds/1417695962027703953/posts/default/2215969148577629651" type="text/html"/>
	</entry>
	<entry>
		<id>tag:blogger.com,1999:blog-1417695962027703953.post-1117853455432999851</id>
		<published>2009-10-05T18:06:00.000-05:00</published>
		<updated>2009-10-05T18:06:00.000-05:00</updated>
		<atom:title xmlns="" xmlns:atom="http://www.w3.org/2005/Atom" xmlns:openSearch="http://a9.com/-/spec/opensearchrss/1.0/" type="text">Fake Title</atom:title>
		<atom:content xmlns="" xmlns:atom="http://www.w3.org/2005/Atom" xmlns:openSearch="http://a9.com/-/spec/opensearchrss/1.0/" type="html">Fake Content</atom:content>
		<link rel="edit" type="application/atom+xml" href="http://www.blogger.com/feeds/1417695962027703953/1818227148376410960/comments/default/1117853455432999851"/>
		<link rel="self" type="application/atom+xml" href="http://www.blogger.com/feeds/1417695962027703953/1818227148376410960/comments/default/1117853455432999851"/>
		<link rel="alternate" type="text/html" href="http://webspherecommunity.blogspot.com/2008/11/websphere-application-server-v7.html?showComment=1225926360000#c1117853455432999851" title=""/>
		<atom:author xmlns="" xmlns:atom="http://www.w3.org/2005/Atom" xmlns:openSearch="http://a9.com/-/spec/opensearchrss/1.0/">
			<atom:name>Joe Smith</atom:name>
			<atom:uri>http://joe.uri.com</atom:uri>
			<atom:email>jsmith@email.com</atom:email>
		</atom:author>
		<thr:in-reply-to xmlns="" xmlns:thr="http://purl.org/syndication/thread/1.0" href="http://webspherecommunity.blogspot.com/2008/11/websphere-application-server-v7.html" ref="tag:blogger.com,1999:blog-1417695962027703953.post-1818227148376410960" source="http://www.blogger.com/feeds/1417695962027703953/posts/default/1818227148376410960" type="text/html"/>
	</entry>
	<entry>
		<id>tag:blogger.com,1999:blog-1417695962027703953.post-6300015789696440304</id>
		<published>2009-10-04T15:17:00.000-05:00</published>
		<updated>2009-10-04T15:17:00.000-05:00</updated>
		<atom:title xmlns="" xmlns:atom="http://www.w3.org/2005/Atom" xmlns:openSearch="http://a9.com/-/spec/opensearchrss/1.0/" type="text">Fake Title</atom:title>
		<atom:content xmlns="" xmlns:atom="http://www.w3.org/2005/Atom" xmlns:openSearch="http://a9.com/-/spec/opensearchrss/1.0/" type="html">Fake Content</atom:content>
		<link rel="edit" type="application/atom+xml" href="http://www.blogger.com/feeds/1417695962027703953/2456829812891077725/comments/default/6300015789696440304"/>
		<link rel="self" type="application/atom+xml" href="http://www.blogger.com/feeds/1417695962027703953/2456829812891077725/comments/default/6300015789696440304"/>
		<link rel="alternate" type="text/html" href="http://webspherecommunity.blogspot.com/2008/10/new-sip-rfcs-supported-by-websphere-7.html?showComment=1225829820000#c6300015789696440304" title=""/>
		<atom:author xmlns="" xmlns:atom="http://www.w3.org/2005/Atom" xmlns:openSearch="http://a9.com/-/spec/opensearchrss/1.0/">
			<atom:name>Joe Smith</atom:name>
			<atom:uri>http://joe.uri.com</atom:uri>
			<atom:email>jsmith@email.com</atom:email>
		</atom:author>
		<thr:in-reply-to xmlns="" xmlns:thr="http://purl.org/syndication/thread/1.0" href="http://webspherecommunity.blogspot.com/2008/10/new-sip-rfcs-supported-by-websphere-7.html" ref="tag:blogger.com,1999:blog-1417695962027703953.post-2456829812891077725" source="http://www.blogger.com/feeds/1417695962027703953/posts/default/2456829812891077725" type="text/html"/>
	</entry>
	<entry>
		<id>tag:blogger.com,1999:blog-1417695962027703953.post-1693930172401698934</id>
		<published>2009-10-03T23:48:00.000-05:00</published>
		<updated>2009-10-03T23:48:00.000-05:00</updated>
		<atom:title xmlns="" xmlns:atom="http://www.w3.org/2005/Atom" xmlns:openSearch="http://a9.com/-/spec/opensearchrss/1.0/" type="text">Fake Title</atom:title>
		<atom:content xmlns="" xmlns:atom="http://www.w3.org/2005/Atom" xmlns:openSearch="http://a9.com/-/spec/opensearchrss/1.0/" type="html">Fake Content</atom:content>
		<link rel="edit" type="application/atom+xml" href="http://www.blogger.com/feeds/1417695962027703953/2215969148577629651/comments/default/1693930172401698934"/>
		<link rel="self" type="application/atom+xml" href="http://www.blogger.com/feeds/1417695962027703953/2215969148577629651/comments/default/1693930172401698934"/>
		<link rel="alternate" type="text/html" href="http://webspherecommunity.blogspot.com/2008/09/web-service-performance-improvements-in.html?showComment=1225774080000#c1693930172401698934" title=""/>
		<atom:author xmlns="" xmlns:atom="http://www.w3.org/2005/Atom" xmlns:openSearch="http://a9.com/-/spec/opensearchrss/1.0/">
			<atom:name>Joe Smith</atom:name>
			<atom:uri>http://joe.uri.com</atom:uri>
			<atom:email>jsmith@email.com</atom:email>
		</atom:author>
		<thr:in-reply-to xmlns="" xmlns:thr="http://purl.org/syndication/thread/1.0" href="http://webspherecommunity.blogspot.com/2008/09/web-service-performance-improvements-in.html" ref="tag:blogger.com,1999:blog-1417695962027703953.post-2215969148577629651" source="http://www.blogger.com/feeds/1417695962027703953/posts/default/2215969148577629651" type="text/html"/>
	</entry>
	<entry>
		<id>tag:blogger.com,1999:blog-1417695962027703953.post-6152417432199798644</id>
		<published>2009-10-03T04:22:00.000-05:00</published>
		<updated>2009-10-03T04:22:00.000-05:00</updated>
		<atom:title xmlns="" xmlns:atom="http://www.w3.org/2005/Atom" xmlns:openSearch="http://a9.com/-/spec/opensearchrss/1.0/" type="text">Fake Title</atom:title>
		<atom:content xmlns="" xmlns:atom="http://www.w3.org/2005/Atom" xmlns:openSearch="http://a9.com/-/spec/opensearchrss/1.0/" type="html">Fake Content</atom:content>
		<link rel="edit" type="application/atom+xml" href="http://www.blogger.com/feeds/1417695962027703953/5029530801936486426/comments/default/6152417432199798644"/>
		<link rel="self" type="application/atom+xml" href="http://www.blogger.com/feeds/1417695962027703953/5029530801936486426/comments/default/6152417432199798644"/>
		<link rel="alternate" type="text/html" href="http://webspherecommunity.blogspot.com/2007/06/ibm-wsrp-producer-for-ibm-websphere.html?showComment=1225704120000#c6152417432199798644" title=""/>
		<atom:author xmlns="" xmlns:atom="http://www.w3.org/2005/Atom" xmlns:openSearch="http://a9.com/-/spec/opensearchrss/1.0/">
			<atom:name>Joe Smith</atom:name>
			<atom:uri>http://joe.uri.com</atom:uri>
			<atom:email>jsmith@email.com</atom:email>
		</atom:author>
		<thr:in-reply-to xmlns="" xmlns:thr="http://purl.org/syndication/thread/1.0" href="http://webspherecommunity.blogspot.com/2007/06/ibm-wsrp-producer-for-ibm-websphere.html" ref="tag:blogger.com,1999:blog-1417695962027703953.post-5029530801936486426" source="http://www.blogger.com/feeds/1417695962027703953/posts/default/5029530801936486426" type="text/html"/>
	</entry>
	<entry>
		<id>tag:blogger.com,1999:blog-1417695962027703953.post-4994891988865501096</id>
		<published>2009-10-02T13:47:00.000-05:00</published>
		<updated>2009-10-02T13:47:00.000-05:00</updated>
		<atom:title xmlns="" xmlns:atom="http://www.w3.org/2005/Atom" xmlns:openSearch="http://a9.com/-/spec/opensearchrss/1.0/" type="text">Fake Title</atom:title>
		<atom:content xmlns="" xmlns:atom="http://www.w3.org/2005/Atom" xmlns:openSearch="http://a9.com/-/spec/opensearchrss/1.0/" type="html">Fake Content</atom:content>
		<link rel="edit" type="application/atom+xml" href="http://www.blogger.com/feeds/1417695962027703953/2215969148577629651/comments/default/4994891988865501096"/>
		<link rel="self" type="application/atom+xml" href="http://www.blogger.com/feeds/1417695962027703953/2215969148577629651/comments/default/4994891988865501096"/>
		<link rel="alternate" type="text/html" href="http://webspherecommunity.blogspot.com/2008/09/web-service-performance-improvements-in.html?showComment=1225651620000#c4994891988865501096" title=""/>
		<atom:author xmlns="" xmlns:atom="http://www.w3.org/2005/Atom" xmlns:openSearch="http://a9.com/-/spec/opensearchrss/1.0/">
			<atom:name>Joe Smith</atom:name>
			<atom:uri>http://joe.uri.com</atom:uri>
			<atom:email>jsmith@email.com</atom:email>
		</atom:author>
		<thr:in-reply-to xmlns="" xmlns:thr="http://purl.org/syndication/thread/1.0" href="http://webspherecommunity.blogspot.com/2008/09/web-service-performance-improvements-in.html" ref="tag:blogger.com,1999:blog-1417695962027703953.post-2215969148577629651" source="http://www.blogger.com/feeds/1417695962027703953/posts/default/2215969148577629651" type="text/html"/>
	</entry>
	<entry>
		<id>tag:blogger.com,1999:blog-1417695962027703953.post-1804801699430285357</id>
		<published>2009-10-01T20:17:00.000-04:00</published>
		<updated>2009-10-01T20:17:00.000-04:00</updated>
		<atom:title xmlns="" xmlns:atom="http://www.w3.org/2005/Atom" xmlns:openSearch="http://a9.com/-/spec/opensearchrss/1.0/" type="text">Fake Title</atom:title>
		<atom:content xmlns="" xmlns:atom="http://www.w3.org/2005/Atom" xmlns:openSearch="http://a9.com/-/spec/opensearchrss/1.0/" type="html">Fake Content</atom:content>
		<link rel="edit" type="application/atom+xml" href="http://www.blogger.com/feeds/1417695962027703953/8765438520180244201/comments/default/1804801699430285357"/>
		<link rel="self" type="application/atom+xml" href="http://www.blogger.com/feeds/1417695962027703953/8765438520180244201/comments/default/1804801699430285357"/>
		<link rel="alternate" type="text/html" href="http://webspherecommunity.blogspot.com/2008/09/need-help-with-websphere-scripting.html?showComment=1225239420000#c1804801699430285357" title=""/>
		<atom:author xmlns="" xmlns:atom="http://www.w3.org/2005/Atom" xmlns:openSearch="http://a9.com/-/spec/opensearchrss/1.0/">
			<atom:name>Joe Smith</atom:name>
			<atom:uri>http://joe.uri.com</atom:uri>
			<atom:email>jsmith@email.com</atom:email>
		</atom:author>
		<thr:in-reply-to xmlns="" xmlns:thr="http://purl.org/syndication/thread/1.0" href="http://webspherecommunity.blogspot.com/2008/09/need-help-with-websphere-scripting.html" ref="tag:blogger.com,1999:blog-1417695962027703953.post-8765438520180244201" source="http://www.blogger.com/feeds/1417695962027703953/posts/default/8765438520180244201" type="text/html"/>
	</entry>
	<entry>
		<id>tag:blogger.com,1999:blog-1417695962027703953.post-3286592069322427335</id>
		<published>2009-09-01T07:31:00.000-04:00</published>
		<updated>2009-09-01T07:31:00.000-04:00</updated>
		<atom:title xmlns="" xmlns:atom="http://www.w3.org/2005/Atom" xmlns:openSearch="http://a9.com/-/spec/opensearchrss/1.0/" type="text">Fake Title</atom:title>
		<atom:content xmlns="" xmlns:atom="http://www.w3.org/2005/Atom" xmlns:openSearch="http://a9.com/-/spec/opensearchrss/1.0/" type="html">darn</atom:content>
		<link rel="edit" type="application/atom+xml" href="http://www.blogger.com/feeds/1417695962027703953/8267278548527812350/comments/default/3286592069322427335"/>
		<link rel="self" type="application/atom+xml" href="http://www.blogger.com/feeds/1417695962027703953/8267278548527812350/comments/default/3286592069322427335"/>
		<link rel="alternate" type="text/html" href="http://webspherecommunity.blogspot.com/2008/10/using-spring-framework-with-websphere.html?showComment=1225193460000#c3286592069322427335" title=""/>
		<atom:author xmlns="" xmlns:atom="http://www.w3.org/2005/Atom" xmlns:openSearch="http://a9.com/-/spec/opensearchrss/1.0/">
			<atom:name>Joe Smith</atom:name>
			<atom:uri>http://joe.uri.com</atom:uri>
			<atom:email>jsmith@email.com</atom:email>
		</atom:author>
		<thr:in-reply-to xmlns="" xmlns:thr="http://purl.org/syndication/thread/1.0" href="http://webspherecommunity.blogspot.com/2008/10/using-spring-framework-with-websphere.html" ref="tag:blogger.com,1999:blog-1417695962027703953.post-8267278548527812350" source="http://www.blogger.com/feeds/1417695962027703953/posts/default/8267278548527812350" type="text/html"/>
	</entry>
</feed>
