<?xml version="1.0" encoding="UTF-8"?>
<!-- 
COPYRIGHT LICENSE: 
This information contains sample code provided in source code form. You may 
copy, modify, and distribute these sample programs in any form without 
payment to IBM for the purposes of developing, using, marketing or 
distributing application programs conforming to the application programming
interface for the operating platform for which the sample code is written. 
Notwithstanding anything to the contrary, IBM PROVIDES THE SAMPLE SOURCE CODE
ON AN "AS IS" BASIS AND IBM DISCLAIMS ALL WARRANTIES, EXPRESS OR IMPLIED, 
INCLUDING, BUT NOT LIMITED TO, ANY IMPLIED WARRANTIES OR CONDITIONS OF 
MERCHANTABILITY, SATISFACTORY QUALITY, FITNESS FOR A PARTICULAR PURPOSE, 
TITLE, AND ANY WARRANTY OR CONDITION OF NON-INFRINGEMENT. IBM SHALL NOT BE 
LIABLE FOR ANY DIRECT, INDIRECT, INCIDENTAL, SPECIAL OR CONSEQUENTIAL DAMAGES
ARISING OUT OF THE USE OR OPERATION OF THE SAMPLE SOURCE CODE. IBM HAS NO 
OBLIGATION TO PROVIDE MAINTENANCE, SUPPORT, UPDATES, ENHANCEMENTS OR 
MODIFICATIONS TO THE SAMPLE SOURCE CODE.
-->
<application id="Application_ID"
   xmlns="http://java.sun.com/xml/ns/j2ee"
   xmlns:xsi="http://www.w3.org/2001/XMLSchema-instance"
   xsi:schemaLocation="http://java.sun.com/xml/ns/j2ee http://java.sun.com/xml/ns/j2ee/application_1_4.xsd"
   version="1.4">

   <description>Sample Web Services Application</description>
   <display-name>WebServicesSamples</display-name>
   
   <module id="EjbModule_1">
      <ejb>StockQuote.jar</ejb>
   </module>

   <module id="EjbModule_2">
      <ejb>AddressBookW2JE.jar</ejb>
   </module>

   <module id="EjbModule_3">
      <ejb>AddressBookJ2WE.jar</ejb>
   </module>
   <module id="WebModule_2">
      <web>
         <web-uri>AddressBookJ2WB.war</web-uri>
         <context-root>/AddressBookJ2WB</context-root>
      </web>
   </module>
   <module id="WebModule_3">
      <web>
         <web-uri>AddressBookW2JB.war</web-uri>
         <context-root>/AddressBookW2JB</context-root>
      </web>
   </module>
   
</application>
